market_class,market_class_label,period,gics_code,sector,country_count,countries_iso3,mean_efficiency_score,population_sd_country_scores,mean_vr_2m,mean_vr_3m,mean_vr_6m
developed,Developed,2008-2010,10,Energy,9,"AUS,CAN,DEU,GBR,HKG,JPN,NOR,SGP,USA",0.4702341794628164,0.23340165692311146,1.2267718449229659,1.4469128157916213,1.8855875539890836
developed,Developed,2008-2010,15,Materials,15,"AUS,BEL,CAN,CHE,DEU,ESP,FRA,GBR,HKG,ISR,ITA,JPN,SGP,SWE,USA",0.3612212136754458,0.27319850296981957,1.2791346307939924,1.4717952577602846,2.157472976907168
developed,Developed,2008-2010,20,Industrials,21,"AUS,AUT,BEL,CAN,CHE,DEU,DNK,ESP,FIN,FRA,GBR,HKG,ISR,ITA,JPN,NLD,NOR,NZL,SGP,SWE,USA",0.3431724932835885,0.19996122260085214,1.3004266723201534,1.4525836597324056,2.217472188096675
developed,Developed,2008-2010,25,Consumer Discretionary,21,"AUS,AUT,BEL,CAN,CHE,DEU,DNK,ESP,FIN,FRA,GBR,HKG,ISR,ITA,JPN,NLD,NZL,PRT,SGP,SWE,USA",0.29257502409034597,0.2743516110550156,1.2789906776352147,1.469028549240942,2.327635631697568
developed,Developed,2008-2010,30,Consumer Staples,16,"AUS,BEL,CAN,CHE,DEU,FRA,GBR,HKG,ISR,ITA,JPN,NOR,NZL,SGP,SWE,USA",0.41084803858231744,0.24897494880398496,1.2485145620603773,1.4194772844235128,2.099464037769158
developed,Developed,2008-2010,35,Health Care,17,"AUS,BEL,CAN,CHE,DEU,DNK,ESP,FRA,GBR,HKG,ISR,ITA,JPN,NOR,SGP,SWE,USA",0.5564345534428031,0.3351427480343702,1.1844033893473298,1.2774255286831568,1.7966359437267865
developed,Developed,2008-2010,40,Financials,21,"AUS,AUT,BEL,CAN,CHE,DEU,DNK,ESP,FIN,FRA,GBR,HKG,ISR,ITA,JPN,NLD,NOR,NZL,SGP,SWE,USA",0.33505969763864707,0.28744282353250167,1.3111592098862541,1.4551486173593928,2.228513079838412
developed,Developed,2008-2010,45,Information Technology,18,"AUS,BEL,CAN,CHE,DEU,DNK,FIN,FRA,GBR,HKG,ISR,ITA,JPN,NLD,NOR,SGP,SWE,USA",0.4073783406299951,0.27286873561640057,1.255302433680247,1.419764901493509,2.0896476103156933
developed,Developed,2008-2010,50,Communication Services,6,"AUS,CAN,GBR,HKG,JPN,USA",0.5585574544756985,0.2252424540437888,1.17711552561498,1.2564405561969614,1.72839550090364
developed,Developed,2008-2010,55,Utilities,9,"AUS,CAN,DEU,FRA,GBR,HKG,ITA,JPN,USA",0.52657556191079,0.25405659809765685,1.1936428469873017,1.2933592762327026,1.7729774147175974
developed,Developed,2020-2021,10,Energy,10,"AUS,CAN,FRA,GBR,HKG,ISR,JPN,NOR,SGP,USA",0.830114357459186,0.13211608257254873,1.1154352292184175,1.0632182937415,0.9285780347939205
developed,Developed,2020-2021,15,Materials,15,"AUS,BEL,CAN,CHE,DEU,ESP,FRA,GBR,HKG,ISR,ITA,JPN,SGP,SWE,USA",0.7410880600436683,0.1165345247174481,1.1618883207974817,1.1819025756682278,1.0759804449405308
developed,Developed,2020-2021,20,Industrials,21,"AUS,AUT,BEL,CAN,CHE,DEU,DNK,ESP,FIN,FRA,GBR,HKG,ISR,ITA,JPN,NLD,NOR,NZL,SGP,SWE,USA",0.751918554456218,0.12908638366008052,1.156116112058552,1.1502149252219682,0.964798651282169
developed,Developed,2020-2021,25,Consumer Discretionary,18,"AUS,CAN,CHE,DEU,DNK,ESP,FIN,FRA,GBR,HKG,ISR,ITA,JPN,NLD,NZL,SGP,SWE,USA",0.7658517389073141,0.17943240867280394,1.1492913017907196,1.1762022131699124,1.1068082088041264
developed,Developed,2020-2021,30,Consumer Staples,16,"AUS,BEL,CAN,CHE,DEU,FRA,GBR,HKG,ISR,ITA,JPN,NOR,NZL,SGP,SWE,USA",0.7824407690821246,0.06407354475957235,1.0794421517548405,1.0200326474402954,0.7798508646711477
developed,Developed,2020-2021,35,Health Care,18,"AUS,BEL,CAN,CHE,DEU,DNK,ESP,FRA,GBR,HKG,ISR,ITA,JPN,NOR,NZL,SGP,SWE,USA",0.7341949953904428,0.17618979513091326,1.004884831198218,0.9547992268060478,0.776609335965177
developed,Developed,2020-2021,40,Financials,17,"AUS,CAN,CHE,DEU,DNK,ESP,FIN,FRA,GBR,HKG,ISR,ITA,JPN,NOR,SGP,SWE,USA",0.78117475242984,0.06890184617851358,1.1155902274082135,1.1354237740482678,0.9291278094660811
developed,Developed,2020-2021,45,Information Technology,18,"AUS,CAN,CHE,DEU,DNK,FIN,FRA,GBR,HKG,ISR,ITA,JPN,NLD,NOR,NZL,SGP,SWE,USA",0.7389517092800723,0.14145355129193635,1.1438392453294663,1.0627004342512443,0.7431223817866024
developed,Developed,2020-2021,50,Communication Services,12,"AUS,CAN,DEU,FRA,GBR,HKG,ISR,ITA,JPN,SGP,SWE,USA",0.6606078260383913,0.24853379657138572,1.187055263619974,1.244475977546895,1.191438252673798
developed,Developed,2020-2021,55,Utilities,8,"AUS,CAN,DEU,GBR,HKG,ITA,JPN,USA",0.7595384917990737,0.0812566714644871,0.9618625140157738,0.9047291106774278,0.6078794019249143
developed,Developed,2020-2021,60,Real Estate,16,"AUS,BEL,CAN,CHE,DEU,DNK,ESP,FRA,GBR,HKG,ISR,ITA,JPN,SGP,SWE,USA",0.8171676574105776,0.07546254667118416,1.0466860784539065,1.0362801329238667,0.8218955203693312
developed,Developed,2022-2025,10,Energy,10,"AUS,CAN,FRA,GBR,HKG,ISR,JPN,NOR,SGP,USA",0.7302015676618214,0.13007624478334343,0.8179496800955036,0.766064668629918,0.6196846361944934
developed,Developed,2022-2025,15,Materials,15,"AUS,BEL,CAN,CHE,DEU,FRA,GBR,HKG,ISR,ITA,JPN,NOR,SGP,SWE,USA",0.8392550915482528,0.15829990803387195,0.963627973883624,0.9628016283896269,1.0365828958890013
developed,Developed,2022-2025,20,Industrials,21,"AUS,AUT,BEL,CAN,CHE,DEU,DNK,ESP,FIN,FRA,GBR,HKG,ISR,ITA,JPN,NLD,NOR,NZL,SGP,SWE,USA",0.801573244721634,0.1320188743312751,0.9732812197083403,0.9348277405841395,1.0239226140501871
developed,Developed,2022-2025,25,Consumer Discretionary,15,"AUS,CAN,DEU,DNK,ESP,FIN,FRA,GBR,HKG,ISR,ITA,JPN,SGP,SWE,USA",0.837382359386951,0.10069505634027345,1.0199045537797815,0.9630192184698196,0.978908521924895
developed,Developed,2022-2025,30,Consumer Staples,16,"AUS,BEL,CAN,CHE,DEU,FRA,GBR,HKG,ISR,ITA,JPN,NOR,NZL,SGP,SWE,USA",0.8090484327758788,0.12401034332033764,1.0337848343439564,0.9643804739404571,0.9125536216683596
developed,Developed,2022-2025,35,Health Care,19,"AUS,BEL,CAN,CHE,DEU,DNK,ESP,FIN,FRA,GBR,HKG,ISR,ITA,JPN,NOR,NZL,SGP,SWE,USA",0.8432933405012001,0.08646572827232184,1.0105146872044317,0.9668829855706708,0.9871164764053117
developed,Developed,2022-2025,40,Financials,17,"AUS,CAN,CHE,DEU,DNK,ESP,FIN,FRA,GBR,HKG,ISR,ITA,JPN,NOR,SGP,SWE,USA",0.8205820911287458,0.08478193274526441,0.9459242499852782,0.972304198633429,1.0231416347657365
developed,Developed,2022-2025,45,Information Technology,17,"AUS,CAN,CHE,DEU,DNK,ESP,FIN,FRA,GBR,HKG,ISR,ITA,JPN,NOR,SGP,SWE,USA",0.8604682574318135,0.11014882587240234,1.0192269440366724,1.0259936959639153,1.0515118558372154
developed,Developed,2022-2025,50,Communication Services,12,"AUS,CAN,DEU,FRA,GBR,HKG,ISR,ITA,JPN,SGP,SWE,USA",0.8051191225067452,0.10364718977952238,1.0356711988515388,1.0808444401032251,1.1668719773883713
developed,Developed,2022-2025,55,Utilities,9,"AUS,CAN,DEU,ESP,GBR,HKG,ITA,JPN,USA",0.859342163376562,0.08773036628144848,1.0132771346348668,0.9917256421160096,0.9831965271644729
developed,Developed,2022-2025,60,Real Estate,14,"AUS,BEL,CAN,CHE,DEU,ESP,FRA,GBR,HKG,ISR,JPN,SGP,SWE,USA",0.8719067749693723,0.0802826957657116,1.0068704851803016,0.9468640064413726,0.8778296307554562
emerging,Developing (MSCI Emerging proxy),2008-2010,10,Energy,3,"CHN,IND,MYS",0.4345451069540478,0.3450129009641242,1.199119670995606,1.4325067975163825,2.0647382106258685
emerging,Developing (MSCI Emerging proxy),2008-2010,15,Materials,19,"BRA,CHL,CHN,EGY,GRC,IDN,IND,KOR,KWT,MEX,MYS,PER,PHL,POL,SAU,THA,TUR,TWN,ZAF",0.1914268842807352,0.27079024308850164,1.3539704527012018,1.6386780216406776,2.433070872815915
emerging,Developing (MSCI Emerging proxy),2008-2010,20,Industrials,18,"BRA,CHL,CHN,EGY,GRC,IDN,IND,KOR,KWT,MEX,MYS,PHL,POL,SAU,THA,TUR,TWN,ZAF",0.2341186755129082,0.2897760076043851,1.3381043474439922,1.585678680592919,2.364856433205391
emerging,Developing (MSCI Emerging proxy),2008-2010,25,Consumer Discretionary,15,"BRA,CHN,EGY,GRC,IDN,IND,KOR,MEX,MYS,PHL,POL,THA,TUR,TWN,ZAF",0.2968212404357189,0.3024870685369299,1.2931705839601024,1.507139794042243,2.308904604259041
emerging,Developing (MSCI Emerging proxy),2008-2010,30,Consumer Staples,17,"BRA,CHL,CHN,EGY,GRC,IDN,IND,KOR,MEX,MYS,PHL,POL,SAU,THA,TUR,TWN,ZAF",0.3611665046179211,0.2973717178848705,1.27979149820629,1.4596153637654528,2.1570213223761723
emerging,Developing (MSCI Emerging proxy),2008-2010,35,Health Care,6,"CHN,IND,KOR,MYS,THA,TWN",0.4679808861773864,0.2781363735854549,1.1907976908025426,1.3467418086340455,2.0503929787428397
emerging,Developing (MSCI Emerging proxy),2008-2010,40,Financials,20,"ARE,BRA,CHL,CHN,COL,EGY,GRC,IDN,IND,KOR,KWT,MYS,PHL,POL,QAT,SAU,THA,TUR,TWN,ZAF",0.33756469055134175,0.335324801016418,1.3010843232334375,1.4829519341488624,2.181726933517657
emerging,Developing (MSCI Emerging proxy),2008-2010,45,Information Technology,9,"CHN,GRC,IND,KOR,MYS,POL,THA,TWN,ZAF",0.3530750963944643,0.18579368120418366,1.235563042173589,1.4397458248407655,2.2654658438022524
emerging,Developing (MSCI Emerging proxy),2008-2010,50,Communication Services,3,"IND,KOR,THA",0.7658549412333047,0.10227303060380646,1.04004232995723,0.9565287239427803,1.3292727554475199
emerging,Developing (MSCI Emerging proxy),2008-2010,55,Utilities,5,"BRA,CHL,CHN,IND,KOR",0.5991696770441847,0.3523447078896417,1.1046915872595366,1.2455943126476645,1.7037447734209707
emerging,Developing (MSCI Emerging proxy),2020-2021,10,Energy,6,"CHN,IDN,IND,MYS,PHL,THA",0.8229683185690383,0.026078762041131933,1.0873830134975135,1.0508819567967698,0.6794748199594781
emerging,Developing (MSCI Emerging proxy),2020-2021,15,Materials,19,"BRA,CHL,CHN,EGY,GRC,IDN,IND,KOR,KWT,MEX,MYS,PER,PHL,POL,SAU,THA,TUR,TWN,ZAF",0.675198084356373,0.25978516133512713,1.1933066906894723,1.311356391660531,1.2113638362568673
emerging,Developing (MSCI Emerging proxy),2020-2021,20,Industrials,19,"ARE,BRA,CHL,CHN,EGY,GRC,IDN,IND,KOR,KWT,MEX,MYS,PHL,POL,SAU,THA,TUR,TWN,ZAF",0.77195900359084,0.155537079616018,1.0899924826358383,1.1363006416281318,0.8809992441802297
emerging,Developing (MSCI Emerging proxy),2020-2021,25,Consumer Discretionary,17,"BRA,CHL,CHN,EGY,GRC,IDN,IND,KOR,MEX,MYS,PHL,POL,SAU,THA,TUR,TWN,ZAF",0.7165202669138107,0.16510078039863388,1.1281799127494525,1.213996867273519,0.9724614202914047
emerging,Developing (MSCI Emerging proxy),2020-2021,30,Consumer Staples,18,"BRA,CHL,CHN,EGY,GRC,IDN,IND,KOR,MEX,MYS,PER,PHL,POL,SAU,THA,TUR,TWN,ZAF",0.6943487978872356,0.14407191945461947,1.1317394549578306,1.1322304088881285,0.9409357951378173
emerging,Developing (MSCI Emerging proxy),2020-2021,35,Health Care,10,"BRA,CHN,EGY,IDN,IND,KOR,MYS,POL,THA,TWN",0.5813354348985981,0.17471326072342697,1.2045089228410284,1.2768037707790778,1.1705865556486859
emerging,Developing (MSCI Emerging proxy),2020-2021,40,Financials,20,"ARE,BRA,CHL,CHN,EGY,IDN,IND,KOR,KWT,MEX,MYS,PER,PHL,POL,QAT,SAU,THA,TUR,TWN,ZAF",0.792813276485015,0.1248688064813948,1.1008857915082648,1.181558766052993,0.962175855825808
emerging,Developing (MSCI Emerging proxy),2020-2021,45,Information Technology,11,"CHN,GRC,IDN,IND,KOR,MYS,POL,THA,TUR,TWN,ZAF",0.7269716203952732,0.17431653191492918,1.1578623625196103,1.2052268541784998,0.9724451443348631
emerging,Developing (MSCI Emerging proxy),2020-2021,50,Communication Services,9,"CHN,IDN,IND,KOR,MYS,POL,THA,TWN,ZAF",0.763336374880336,0.09825838975284543,1.0707910399167395,1.01424816592249,0.6344510658972232
emerging,Developing (MSCI Emerging proxy),2020-2021,55,Utilities,7,"BRA,CHL,CHN,IND,KOR,POL,THA",0.7684498767908179,0.14888980170753213,1.054876574001405,0.954810233573537,0.5966337933822945
emerging,Developing (MSCI Emerging proxy),2020-2021,60,Real Estate,17,"ARE,BRA,CHN,EGY,IDN,IND,KOR,KWT,MEX,MYS,PHL,POL,SAU,THA,TUR,TWN,ZAF",0.7683463794692645,0.10726095303765816,1.0857313284599006,1.1369453281601443,0.8246413854935043
emerging,Developing (MSCI Emerging proxy),2022-2025,10,Energy,5,"CHN,IDN,IND,MYS,THA",0.659166097238894,0.105113345234253,0.8707208526810211,0.7426575385924925,0.6391911142424267
emerging,Developing (MSCI Emerging proxy),2022-2025,15,Materials,18,"BRA,CHL,CHN,EGY,GRC,IDN,IND,KOR,MEX,MYS,PER,PHL,POL,SAU,THA,TUR,TWN,ZAF",0.8343304226518111,0.1174691129860298,1.0106619100847185,0.9948373991914115,0.9494667589074434
emerging,Developing (MSCI Emerging proxy),2022-2025,20,Industrials,19,"ARE,BRA,CHL,CHN,EGY,GRC,IDN,IND,KOR,KWT,MEX,MYS,PHL,POL,SAU,THA,TUR,TWN,ZAF",0.8019961047364786,0.13058123322063703,1.0289094790139934,1.0309318523334434,1.041047603628847
emerging,Developing (MSCI Emerging proxy),2022-2025,25,Consumer Discretionary,17,"BRA,CHL,CHN,EGY,GRC,IDN,IND,KOR,MEX,MYS,PHL,POL,SAU,THA,TUR,TWN,ZAF",0.7963817323566776,0.11998075144832744,1.0545490060865705,1.0782561256695486,1.0737452531857195
emerging,Developing (MSCI Emerging proxy),2022-2025,30,Consumer Staples,17,"BRA,CHL,CHN,EGY,IDN,IND,KOR,MEX,MYS,PER,PHL,POL,SAU,THA,TUR,TWN,ZAF",0.8125496395162193,0.08431480587704321,1.0484237300980417,1.0162628076847082,0.8755768113837702
emerging,Developing (MSCI Emerging proxy),2022-2025,35,Health Care,11,"BRA,CHN,EGY,IDN,IND,KOR,MYS,POL,THA,TUR,TWN",0.7313687197949791,0.21641700449435403,1.0955711832694688,1.0766567449252753,1.0477399125776392
emerging,Developing (MSCI Emerging proxy),2022-2025,40,Financials,20,"ARE,BRA,CHL,CHN,EGY,IDN,IND,KOR,KWT,MEX,MYS,PER,PHL,POL,QAT,SAU,THA,TUR,TWN,ZAF",0.8350320432991228,0.12358684587601446,1.0316473348093125,1.0290303467982054,0.9242123792264115
emerging,Developing (MSCI Emerging proxy),2022-2025,45,Information Technology,10,"CHN,GRC,IDN,IND,KOR,MYS,POL,THA,TUR,TWN",0.821447693786214,0.11632363764890787,1.1338034669219017,1.142832418281301,1.1594803447073985
emerging,Developing (MSCI Emerging proxy),2022-2025,50,Communication Services,8,"CHN,IDN,IND,KOR,MYS,POL,THA,TWN",0.7927257665159448,0.11143439010752716,1.083395663288778,1.0814473702044112,1.1328360473069128
emerging,Developing (MSCI Emerging proxy),2022-2025,55,Utilities,9,"BRA,CHL,CHN,IND,KOR,POL,THA,TUR,TWN",0.7843623129910103,0.1116433058240552,1.084642625143183,1.1097247747788055,1.0618225132296575
emerging,Developing (MSCI Emerging proxy),2022-2025,60,Real Estate,14,"CHN,EGY,IDN,IND,KOR,KWT,MYS,PHL,POL,SAU,THA,TUR,TWN,ZAF",0.8030181472079445,0.09105269151329558,1.0337868296214234,0.9790736356481401,0.9781695593743995
frontier,Frontier,2008-2010,15,Materials,4,"JOR,LKA,MAR,PAK",0.528251830816603,0.20074050730870124,1.1597434396278117,1.3612133876546486,1.8584638167987668
frontier,Frontier,2008-2010,20,Industrials,3,"HRV,LKA,VNM",0.31865769443599884,0.13316931004548874,1.3183881918296447,1.557147393105199,2.1684913317571595
frontier,Frontier,2008-2010,25,Consumer Discretionary,2,"HRV,LKA",0.3443512560712193,0.24061157923581555,1.3353811378157092,1.4798832526913497,2.151681841279283
frontier,Frontier,2008-2010,30,Consumer Staples,2,"HRV,LKA",0.34684592262164016,0.08473494374298896,1.3065072262714326,1.4359870554051968,2.21696795045845
frontier,Frontier,2008-2010,40,Financials,10,"BGD,BHR,HRV,JOR,KEN,LKA,MAR,OMN,PAK,TUN",0.42331359974888993,0.3541540092368665,1.2783305542966472,1.4653168347584153,1.9845483775288533
frontier,Frontier,2020-2021,10,Energy,2,"PAK,VNM",0.7037634684683414,0.009972947533555654,0.9251410888822353,0.7096878532529651,0.4764614632698236
frontier,Frontier,2020-2021,15,Materials,3,"OMN,PAK,VNM",0.8473349735143287,0.04006821766518676,0.9157548952316253,0.7610477766889355,0.8859151562570711
frontier,Frontier,2020-2021,20,Industrials,6,"HRV,OMN,PAK,ROU,TUN,VNM",0.6311616293583987,0.27899812537375845,1.2300186148960002,1.3151227865813488,1.3058313140453561
frontier,Frontier,2020-2021,25,Consumer Discretionary,5,"HRV,MUS,PAK,TUN,VNM",0.7399105811603979,0.10982108254696,1.172061446202583,1.237831456251262,0.9130112367093544
frontier,Frontier,2020-2021,30,Consumer Staples,3,"HRV,PAK,VNM",0.7278037510787271,0.07846702081980327,1.233647320510849,1.1693676139517006,0.9125271468965906
frontier,Frontier,2020-2021,35,Health Care,2,"PAK,VNM",0.6420011071091076,0.19054899740825965,0.9215916486187661,0.7884408761629401,0.7183204829935149
frontier,Frontier,2020-2021,40,Financials,8,"CIV,KEN,MAR,MUS,OMN,PAK,TUN,VNM",0.7718599365821286,0.07539839681149067,1.1312332310981974,1.100794387328981,0.8786743633219407
frontier,Frontier,2020-2021,45,Information Technology,1,VNM,0.7864399608441626,0.0,0.8404766263730338,0.837635705031329,0.681207551128125
frontier,Frontier,2020-2021,55,Utilities,3,"OMN,PAK,VNM",0.7944907776248297,0.08367112923112324,0.9649100354892094,0.8285556363916852,0.6027648844484378
frontier,Frontier,2020-2021,60,Real Estate,1,VNM,0.8738302580889631,0.0,1.0342605438158539,1.0200535717702863,0.6758048898530296
frontier,Frontier,2022-2025,10,Energy,2,"PAK,VNM",0.8597218471180845,0.048401422414131035,1.0025451425441412,1.0098129992247145,1.1379364105618197
frontier,Frontier,2022-2025,15,Materials,7,"BGD,JOR,LKA,OMN,PAK,ROU,VNM",0.6952775776197876,0.22479448988957873,1.1955519188232877,1.3149723895221916,1.2826680084544222
frontier,Frontier,2022-2025,20,Industrials,8,"BGD,HRV,LKA,MAR,OMN,PAK,ROU,VNM",0.6507801233374346,0.3441171589940677,1.154895200082695,1.2649630980667652,1.4478780929696842
frontier,Frontier,2022-2025,25,Consumer Discretionary,7,"BGD,HRV,JOR,LKA,MUS,PAK,VNM",0.7344242578507909,0.17170157066662198,1.1375658175667822,1.2708779467928406,1.263008981643109
frontier,Frontier,2022-2025,30,Consumer Staples,5,"BGD,LKA,OMN,PAK,VNM",0.6663457373954221,0.17141992394217523,1.1456692216600006,1.1943481611084932,1.0232605608577139
frontier,Frontier,2022-2025,35,Health Care,3,"BGD,PAK,VNM",0.6352527014833941,0.2807652112566619,1.1797183627854895,1.3184609960398663,1.5549640303615246
frontier,Frontier,2022-2025,40,Financials,11,"BGD,CIV,JOR,KEN,LKA,MAR,MUS,OMN,PAK,TUN,VNM",0.7087358523548094,0.19741049798347968,1.1326999688755117,1.2266675377589777,1.3360955325850519
frontier,Frontier,2022-2025,45,Information Technology,1,VNM,0.9124557980734858,0.0,1.1111461686065756,0.9763870352395702,0.8721265275874627
frontier,Frontier,2022-2025,55,Utilities,4,"BGD,OMN,PAK,VNM",0.6532512963520319,0.29292575102654234,1.0366165919834378,1.1108706693192711,1.1587094531097253
frontier,Frontier,2022-2025,60,Real Estate,1,VNM,0.2931018630169415,0.0,1.2644795989249156,1.533864768477492,2.322350043546768
